Flight_code,Airline
AI-805,Air India
AI-605,Air India
AI-814,Air India
AI-813,Air India
AI-863,Air India
AI-624,Air India
AI-504,Air India
AI-815,Air India
AI-807,Air India
AI-883,Air India
AI-443,Air India
AI-471,Air India
AI-558,Air India
AI-811,Air India
AI-537,Air India
AI-554,Air India
AI-439,Air India
AI-485,Air India
AI-544,Air India
AI-415,Air India
AI-885,Air India
AI-540,Air India
AI-429,Air India
AI-887,Air India
AI-451,Air India
AI-839,Air India
AI-453,Air India
AI-473,Air India
AI-665,Air India
AI-801,Air India
AI-833,Air India
AI-865,Air India
AI-678,Air India
AI-441,Air India
AI-636,Air India
AI-621,Air India
AI-433,Air India
AI-411,Air India
AI-479,Air India
AI-463,Air India
AI-542,Air India
AI-560,Air India
AI-425,Air India
AI-506,Air India
AI-803,Air India
AI-502,Air India
AI-406,Air India
AI-512,Air India
AI-401,Air India
AI-767,Air India
AI-877,Air India
AI-465,Air India
AI-475,Air India
AI-762,Air India
AI-481,Air India
AI-403,Air India
AI-817,Air India
AI-407,Air India
AI-435,Air India
AI-531,Air India
AI-487,Air India
AI-764,Air India
AI-889,Air India
AI-879,Air India
AI-853,Air India
AI-851,Air India
AI-849,Air India
AI-857,Air India
AI-816,Air India
AI-687,Air India
AI-888,Air India
AI-442,Air India
AI-677,Air India
AI-660,Air India
AI-607,Air India
AI-809,Air India
AI-806,Air India
AI-639,Air India
AI-570,Air India
AI-649,Air India
AI-671,Air India
AI-683,Air India
AI-651,Air India
AI-663,Air India
AI-685,Air India
AI-864,Air India
AI-581,Air India
AI-499,Air India
AI-774,Air India
AI-572,Air India
AI-776,Air India
AI-645,Air India
AI-681,Air India
AI-675,Air India
AI-635,Air India
AI-637,Air India
AI-643,Air India
AI-625,Air India
AI-573,Air India
AI-576,Air India
AI-603,Air India
AI-866,Air India
AI-641,Air India
AI-633,Air India
AI-615,Air India
AI-673,Air India
AI-669,Air India
AI-655,Air India
AI-619,Air India
AI-617,Air India
AI-609,Air India
AI-689,Air India
AI-691,Air India
AI-507,Air India
AI-808,Air India
AI-509,Air India
AI-503,Air India
AI-642,Air India
AI-610,Air India
AI-501,Air India
AI-505,Air India
AI-511,Air India
AI-604,Air India
AI-804,Air India
AI-516,Air India
AI-640,Air India
AI-608,Air India
AI-564,Air India
AI-893,Air India
AI-840,Air India
AI-541,Air India
AI-543,Air India
AI-559,Air India
AI-515,Air India
AI-698,Air India
AI-525,Air India
AI-618,Air India
AI-616,Air India
AI-763,Air India
AI-768,Air India
AI-402,Air India
AI-775,Air India
AI-676,Air India
AI-785,Air India
AI-526,Air India
AI-773,Air India
AI-787,Air India
AI-770,Air India
AI-727,Air India
AI-733,Air India
AI-721,Air India
AI-709,Air India
AI-729,Air India
AI-553,Air India
AI-430,Air India
AI-539,Air India
AI-538,Air India
AI-557,Air India
AI-440,Air India
AI-571,Air India
AI-574,Air India
AI-575,Air India
AI-672,Air India
AI-569,Air India
AI-786,Air India
AI-549,Air India
AI-563,Air India
AI-818,Air India
AI-482,Air India
AI-532,Air India
AI-638,Air India
I5-743,AirAsia
I5-857,AirAsia
I5-773,AirAsia
I5-784,AirAsia
I5-1228,AirAsia
I5-740,AirAsia
I5-798,AirAsia
I5-745,AirAsia
I5-711,AirAsia
I5-548,AirAsia
I5-569,AirAsia
I5-560,AirAsia
I5-741,AirAsia
I5-779,AirAsia
I5-714,AirAsia
I5-744,AirAsia
I5-710,AirAsia
I5-552,AirAsia
I5-1732,AirAsia
I5-768,AirAsia
I5-776,AirAsia
I5-549,AirAsia
I5-330,AirAsia
I5-767,AirAsia
I5-792,AirAsia
I5-783,AirAsia
I5-787,AirAsia
I5-791,AirAsia
I5-788,AirAsia
I5-721,AirAsia
I5-716,AirAsia
I5-1534,AirAsia
I5-764,AirAsia
I5-996,AirAsia
I5-492,AirAsia
I5-1569,AirAsia
I5-335,AirAsia
I5-765,AirAsia
I5-1784,AirAsia
I5-338,AirAsia
I5-761,AirAsia
I5-670,AirAsia
I5-331,AirAsia
I5-336,AirAsia
I5-762,AirAsia
I5-769,AirAsia
I5-332,AirAsia
I5-749,AirAsia
I5-819,AirAsia
I5-942,AirAsia
I5-976,AirAsia
I5-1781,AirAsia
I5-1621,AirAsia
I5-1452,AirAsia
I5-1731,AirAsia
I5-1532,AirAsia
I5-1455,AirAsia
I5-1426,AirAsia
I5-1982,AirAsia
I5-1528,AirAsia
I5-1981,AirAsia
I5-1780,AirAsia
I5-1453,AirAsia
I5-1567,AirAsia
I5-386,AirAsia
I5-1622,AirAsia
I5-818,AirAsia
I5-820,AirAsia
I5-1574,AirAsia
I5-972,AirAsia
I5-1983,AirAsia
I5-559,AirAsia
I5-1562,AirAsia
I5-941,AirAsia
I5-1427,AirAsia
I5-1576,AirAsia
I5-2472,AirAsia
I5-1782,AirAsia
I5-334,AirAsia
I5-613,AirAsia
I5-611,AirAsia
I5-1451,AirAsia
I5-992,AirAsia
I5-592,AirAsia
I5-1533,AirAsia
I5-558,AirAsia
I5-2461,AirAsia
I5-1229,AirAsia
I5-1543,AirAsia
I5-974,AirAsia
I5-1518,AirAsia
I5-612,AirAsia
I5-1529,AirAsia
I5-587,AirAsia
I5-582,AirAsia
I5-554,AirAsia
I5-1563,AirAsia
I5-319,AirAsia
I5-634,AirAsia
I5-541,AirAsia
I5-583,AirAsia
I5-588,AirAsia
I5-1536,AirAsia
I5-991,AirAsia
I5-517,AirAsia
I5-821,AirAsia
QP-1128,AkasaAir
QP-1335,AkasaAir
QP-1334,AkasaAir
QP-1127,AkasaAir
QP-1367,AkasaAir
QP-6513,AkasaAir
QP-1341,AkasaAir
QP-1105,AkasaAir
QP-1306,AkasaAir
QP-1363,AkasaAir
QP-1103,AkasaAir
QP-1110,AkasaAir
QP-1115,AkasaAir
QP-1304,AkasaAir
QP-1107,AkasaAir
QP-1101,AkasaAir
QP-1113,AkasaAir
QP-1336,AkasaAir
QP-1301,AkasaAir
QP-1366,AkasaAir
QP-1104,AkasaAir
QP-1106,AkasaAir
QP-1362,AkasaAir
QP-1340,AkasaAir
QP-1109,AkasaAir
QP-6514,AkasaAir
QP-1329,AkasaAir
QP-1415,AkasaAir
QP-1313,AkasaAir
QP-1307,AkasaAir
QP-1321,AkasaAir
QP-1319,AkasaAir
QP-1327,AkasaAir
QP-1325,AkasaAir
QP-1331,AkasaAir
QP-1314,AkasaAir
QP-1418,AkasaAir
QP-1305,AkasaAir
QP-1116,AkasaAir
QP-1322,AkasaAir
QP-1328,AkasaAir
QP-1316,AkasaAir
QP-1320,AkasaAir
QP-1310,AkasaAir
QP-1342,AkasaAir
QP-1108,AkasaAir
QP-1102,AkasaAir
QP-1114,AkasaAir
QP-1332,AkasaAir
QP-1326,AkasaAir
QP-1315,AkasaAir
9I-695,AllianceAir
9I-302,AllianceAir
9I-896,AllianceAir
9I-517,AllianceAir
9I-301,AllianceAir
9I-518,AllianceAir
9I-895,AllianceAir
9I-893,AllianceAir
9I-894,AllianceAir
9I-696,AllianceAir
G8-354,GO FIRST
G8-330,GO FIRST
G8-346,GO FIRST
G8-336,GO FIRST
G8-184,GO FIRST
G8-143,GO FIRST
G8-237,GO FIRST
G8-2519,GO FIRST
G8-113,GO FIRST
G8-323,GO FIRST
G8-2501,GO FIRST
G8-334,GO FIRST
G8-119,GO FIRST
G8-194,GO FIRST
G8-286,GO FIRST
G8-101,GO FIRST
G8-713,GO FIRST
G8-719,GO FIRST
G8-717,GO FIRST
G8-530,GO FIRST
G8-213,GO FIRST
G8-259,GO FIRST
G8-203,GO FIRST
G8-7001,GO FIRST
G8-275,GO FIRST
G8-173,GO FIRST
G8-422,GO FIRST
G8-263,GO FIRST
G8-153,GO FIRST
G8-345,GO FIRST
G8-2508,GO FIRST
G8-341,GO FIRST
G8-322,GO FIRST
G8-339,GO FIRST
G8-327,GO FIRST
G8-319,GO FIRST
G8-329,GO FIRST
G8-364,GO FIRST
G8-2504,GO FIRST
G8-351,GO FIRST
G8-365,GO FIRST
G8-349,GO FIRST
G8-325,GO FIRST
G8-398,GO FIRST
G8-391,GO FIRST
G8-363,GO FIRST
G8-384,GO FIRST
G8-371,GO FIRST
G8-382,GO FIRST
G8-331,GO FIRST
G8-575,GO FIRST
G8-511,GO FIRST
G8-287,GO FIRST
G8-344,GO FIRST
G8-317,GO FIRST
G8-381,GO FIRST
G8-247,GO FIRST
G8-244,GO FIRST
G8-397,GO FIRST
G8-390,GO FIRST
G8-305,GO FIRST
G8-4035,GO FIRST
G8-306,GO FIRST
G8-118,GO FIRST
G8-241,GO FIRST
G8-401,GO FIRST
G8-320,GO FIRST
G8-803,GO FIRST
G8-399,GO FIRST
G8-274,GO FIRST
G8-801,GO FIRST
G8-721,GO FIRST
G8-285,GO FIRST
G8-395,GO FIRST
G8-116,GO FIRST
G8-2126,GO FIRST
G8-808,GO FIRST
G8-887,GO FIRST
G8-424,GO FIRST
G8-1022,GO FIRST
G8-1024,GO FIRST
G8-3001,GO FIRST
G8-514,GO FIRST
G8-537,GO FIRST
G8-532,GO FIRST
G8-393,GO FIRST
G8-102,GO FIRST
G8-888,GO FIRST
G8-3538,GO FIRST
G8-304,GO FIRST
G8-720,GO FIRST
G8-714,GO FIRST
G8-718,GO FIRST
G8-715,GO FIRST
G8-911,GO FIRST
G8-3006,GO FIRST
G8-392,GO FIRST
G8-2505,GO FIRST
G8-459,GO FIRST
G8-413,GO FIRST
G8-3002,GO FIRST
G8-804,GO FIRST
G8-802,GO FIRST
G8-3007,GO FIRST
6E-2519,Indigo
6E-2208,Indigo
6E-2017,Indigo
6E-2176,Indigo
6E-864,Indigo
6E-2084,Indigo
6E-2114,Indigo
6E-2138,Indigo
6E-2716,Indigo
6E-5318,Indigo
6E-2505,Indigo
6E-2112,Indigo
6E-2075,Indigo
6E-2016,Indigo
6E-6814,Indigo
6E-2411,Indigo
6E-5218,Indigo
6E-2328,Indigo
6E-2025,Indigo
6E-2526,Indigo
6E-5345,Indigo
6E-6822,Indigo
6E-2033,Indigo
6E-2216,Indigo
6E-607,Indigo
6.00E-153,Indigo
6E-319,Indigo
6E-5615,Indigo
6.00E-123,Indigo
6E-5603,Indigo
6E-6231,Indigo
6E-6034,Indigo
6E-2204,Indigo
6E-6201,Indigo
6E-6475,Indigo
6E-7403,Indigo
6E-6492,Indigo
6.00E-184,Indigo
6E-2117,Indigo
6E-902,Indigo
6E-2049,Indigo
6E-6187,Indigo
6E-6103,Indigo
6E-6184,Indigo
6.00E-125,Indigo
6E-6232,Indigo
6E-6022,Indigo
6E-7405,Indigo
6E-2417,Indigo
6E-5216,Indigo
6E-2042,Indigo
6E-2431,Indigo
6E-2005,Indigo
6E-6554,Indigo
6E-2187,Indigo
6E-2131,Indigo
6E-6565,Indigo
6E-2434,Indigo
6E-2487,Indigo
6E-6622,Indigo
6E-6612,Indigo
6E-2403,Indigo
6E-5608,Indigo
6E-2188,Indigo
6E-5088,Indigo
6E-781,Indigo
6E-2067,Indigo
6E-2515,Indigo
6.00E-308,Indigo
6E-2596,Indigo
6E-2212,Indigo
6E-674,Indigo
6E-774,Indigo
6E-6203,Indigo
6E-2406,Indigo
6E-6618,Indigo
6E-6605,Indigo
6E-2274,Indigo
6E-2004,Indigo
6E-2461,Indigo
6E-2343,Indigo
6E-6371,Indigo
6E-2141,Indigo
6E-2319,Indigo
6E-7148,Indigo
6E-6903,Indigo
6E-2331,Indigo
6E-2061,Indigo
6E-2169,Indigo
6E-5037,Indigo
6E-2059,Indigo
6E-2423,Indigo
6E-2092,Indigo
6E-2334,Indigo
6E-2425,Indigo
6E-2115,Indigo
6E-2517,Indigo
6E-6924,Indigo
6E-603,Indigo
6E-2057,Indigo
6E-5353,Indigo
6E-2106,Indigo
6E-755,Indigo
6E-2415,Indigo
6.00E-214,Indigo
6E-2427,Indigo
6E-2127,Indigo
6E-6557,Indigo
6E-2206,Indigo
6E-6191,Indigo
6E-2093,Indigo
6E-2064,Indigo
6E-2373,Indigo
6E-2513,Indigo
6E-2231,Indigo
6E-442,Indigo
6E-2087,Indigo
6E-6096,Indigo
6E-6051,Indigo
6E-5022,Indigo
6E-6531,Indigo
6E-2148,Indigo
6E-2196,Indigo
6E-2769,Indigo
6E-2282,Indigo
6E-2453,Indigo
6E-6238,Indigo
6E-6603,Indigo
6E-2257,Indigo
6E-6245,Indigo
6E-6361,Indigo
6E-2028,Indigo
6.00E-204,Indigo
6E-5003,Indigo
6E-2275,Indigo
6E-2105,Indigo
6E-2237,Indigo
6E-5913,Indigo
6E-315,Indigo
6.00E-251,Indigo
6E-789,Indigo
6.00E-291,Indigo
6E-5026,Indigo
6E-2175,Indigo
6.00E-154,Indigo
6E-2518,Indigo
6E-2123,Indigo
6E-2051,Indigo
6E-2083,Indigo
6E-2166,Indigo
6E-5219,Indigo
6E-6821,Indigo
6E-2103,Indigo
6E-2113,Indigo
6E-2015,Indigo
6E-2326,Indigo
6E-993,Indigo
6E-2056,Indigo
6E-5238,Indigo
6E-5332,Indigo
6E-2504,Indigo
6E-2137,Indigo
6E-2398,Indigo
6.00E-225,Indigo
6.00E-296,Indigo
6E-5254,Indigo
6E-5269,Indigo
6E-6538,Indigo
6E-5338,Indigo
6E-6177,Indigo
6E-802,Indigo
6E-6085,Indigo
6E-6183,Indigo
6E-2443,Indigo
6E-5358,Indigo
6E-6431,Indigo
6E-843,Indigo
6E-5281,Indigo
6E-2047,Indigo
6.00E-266,Indigo
6E-5315,Indigo
6E-5125,Indigo
6.00E-107,Indigo
6E-3298,Indigo
6.00E-294,Indigo
6E-821,Indigo
6E-5256,Indigo
6E-5252,Indigo
6E-5221,Indigo
6E-5284,Indigo
6E-5294,Indigo
6E-5382,Indigo
6E-5265,Indigo
6E-5337,Indigo
6E-907,Indigo
6E-5213,Indigo
6E-696,Indigo
6E-5352,Indigo
6E-5303,Indigo
6E-5307,Indigo
6E-5211,Indigo
6E-5296,Indigo
6E-332,Indigo
6E-2486,Indigo
6E-5388,Indigo
6E-5271,Indigo
6E-5258,Indigo
6E-5317,Indigo
6E-6293,Indigo
6E-5202,Indigo
6E-772,Indigo
6E-5246,Indigo
6E-5172,Indigo
6.00E-179,Indigo
6E-6571,Indigo
6E-6809,Indigo
6E-461,Indigo
6.00E-157,Indigo
6E-6703,Indigo
6E-5187,Indigo
6E-5267,Indigo
6.00E-138,Indigo
6E-6701,Indigo
6E-5285,Indigo
6.00E-165,Indigo
6E-6674,Indigo
6E-5212,Indigo
6.00E-136,Indigo
6E-7292,Indigo
6E-567,Indigo
6E-5291,Indigo
6E-5206,Indigo
6E-5079,Indigo
6E-5228,Indigo
6.00E-124,Indigo
6.00E-128,Indigo
6E-5287,Indigo
6E-395,Indigo
6E-6514,Indigo
6E-5311,Indigo
6E-5354,Indigo
6E-6749,Indigo
6E-5253,Indigo
6E-5297,Indigo
6E-6083,Indigo
6E-5301,Indigo
6E-5178,Indigo
6E-5305,Indigo
6E-5124,Indigo
6E-5273,Indigo
6E-6064,Indigo
6E-2528,Indigo
6E-6398,Indigo
6E-5262,Indigo
6E-2402,Indigo
6E-6813,Indigo
6E-869,Indigo
6E-6621,Indigo
6E-2174,Indigo
6E-2053,Indigo
6E-5039,Indigo
6E-735,Indigo
6E-2401,Indigo
6E-6753,Indigo
6.00E-116,Indigo
6E-687,Indigo
6E-6491,Indigo
6E-6743,Indigo
6E-484,Indigo
6E-6802,Indigo
6E-469,Indigo
6E-528,Indigo
6E-6273,Indigo
6E-6923,Indigo
6E-871,Indigo
6E-638,Indigo
6E-6067,Indigo
6E-6178,Indigo
6E-2433,Indigo
6E-2186,Indigo
6E-6892,Indigo
6E-6247,Indigo
6E-5021,Indigo
6E-886,Indigo
6E-6563,Indigo
6E-415,Indigo
6E-408,Indigo
6E-6104,Indigo
6E-6876,Indigo
6E-537,Indigo
6E-855,Indigo
6E-959,Indigo
6E-684,Indigo
6E-5283,Indigo
6E-5376,Indigo
6E-5255,Indigo
6E-5204,Indigo
6E-5251,Indigo
6E-5351,Indigo
6E-5293,Indigo
6E-5295,Indigo
6E-488,Indigo
6E-5201,Indigo
6E-356,Indigo
6E-6012,Indigo
6E-6017,Indigo
6E-6269,Indigo
6.00E-176,Indigo
6E-5323,Indigo
6E-904,Indigo
6.00E-194,Indigo
6E-7436,Indigo
6E-6653,Indigo
6E-6919,Indigo
6E-7227,Indigo
6.00E-113,Indigo
6.00E-182,Indigo
6.00E-109,Indigo
6E-6345,Indigo
6E-807,Indigo
6E-336,Indigo
6E-496,Indigo
6E-6445,Indigo
6E-703,Indigo
6.00E-305,Indigo
6E-435,Indigo
6E-5207,Indigo
6E-541,Indigo
6E-7382,Indigo
6E-6139,Indigo
6E-7384,Indigo
6E-478,Indigo
6E-7418,Indigo
6E-7204,Indigo
6E-7223,Indigo
6E-7071,Indigo
6E-7257,Indigo
6E-575,Indigo
6E-7338,Indigo
6E-7102,Indigo
6E-952,Indigo
6E-975,Indigo
6E-676,Indigo
6E-6442,Indigo
6.00E-172,Indigo
6E-368,Indigo
6E-6277,Indigo
6.00E-196,Indigo
6E-6779,Indigo
6E-6439,Indigo
6E-6339,Indigo
6E-6572,Indigo
6E-503,Indigo
6E-6336,Indigo
6E-978,Indigo
6E-6535,Indigo
6E-455,Indigo
6E-851,Indigo
6E-465,Indigo
6E-457,Indigo
6E-6257,Indigo
6E-586,Indigo
6E-6595,Indigo
6E-6423,Indigo
6.00E-239,Indigo
6E-6032,Indigo
6E-324,Indigo
6E-405,Indigo
6E-6606,Indigo
6E-2213,Indigo
6E-2324,Indigo
6E-6372,Indigo
6E-2287,Indigo
6E-771,Indigo
6E-2011,Indigo
6E-2063,Indigo
6E-6204,Indigo
6E-2171,Indigo
6E-6591,Indigo
6E-531,Indigo
6E-7156,Indigo
6E-6438,Indigo
6E-5389,Indigo
6E-621,Indigo
6E-773,Indigo
6E-6594,Indigo
6E-7248,Indigo
6E-5245,Indigo
6E-6223,Indigo
6E-7417,Indigo
6E-922,Indigo
6E-514,Indigo
6E-981,Indigo
6E-6719,Indigo
6E-413,Indigo
6E-426,Indigo
6E-6907,Indigo
6E-311,Indigo
6E-5268,Indigo
6.00E-134,Indigo
6E-6727,Indigo
6E-905,Indigo
6E-915,Indigo
6E-6593,Indigo
6E-351,Indigo
6.00E-108,Indigo
6.00E-163,Indigo
6.00E-151,Indigo
6E-6915,Indigo
6.00E-289,Indigo
6.00E-243,Indigo
6E-5384,Indigo
6E-7375,Indigo
6E-6537,Indigo
6E-793,Indigo
6E-5257,Indigo
6.00E-283,Indigo
6E-664,Indigo
6.00E-297,Indigo
6E-995,Indigo
6E-7389,Indigo
6E-887,Indigo
6.00E-285,Indigo
6E-6417,Indigo
6E-944,Indigo
6E-949,Indigo
6E-6319,Indigo
6E-6156,Indigo
6E-6174,Indigo
6E-7383,Indigo
6E-598,Indigo
6E-668,Indigo
6E-6151,Indigo
6E-7136,Indigo
6E-984,Indigo
6E-7103,Indigo
6E-743,Indigo
6E-6066,Indigo
6E-7121,Indigo
6E-7163,Indigo
6E-6505,Indigo
6E-6007,Indigo
6E-7043,Indigo
6E-7143,Indigo
6E-7211,Indigo
6E-7213,Indigo
6E-7201,Indigo
6E-7254,Indigo
6E-376,Indigo
6E-6494,Indigo
6E-6242,Indigo
6E-6532,Indigo
6E-7039,Indigo
6E-879,Indigo
6E-3291,Indigo
6.00E-149,Indigo
6E-6911,Indigo
6E-972,Indigo
6E-6216,Indigo
6E-752,Indigo
6E-6408,Indigo
6E-7379,Indigo
6E-626,Indigo
6E-409,Indigo
6E-6646,Indigo
6E-6781,Indigo
6.00E-216,Indigo
6.00E-202,Indigo
6E-2009,Indigo
6E-2234,Indigo
6.00E-224,Indigo
6E-2474,Indigo
6E-5008,Indigo
6E-6324,Indigo
6E-854,Indigo
6E-2413,Indigo
6E-404,Indigo
6E-2516,Indigo
6E-898,Indigo
6E-895,Indigo
6E-811,Indigo
6E-5599,Indigo
6E-6087,Indigo
6E-751,Indigo
6E-417,Indigo
6.00E-135,Indigo
6E-6917,Indigo
6E-875,Indigo
6E-7192,Indigo
6E-822,Indigo
6E-6021,Indigo
6E-6472,Indigo
6E-874,Indigo
6E-374,Indigo
6E-5225,Indigo
6E-476,Indigo
6E-6623,Indigo
6E-861,Indigo
6E-798,Indigo
6E-7561,Indigo
6E-6128,Indigo
6E-7234,Indigo
6E-6214,Indigo
6E-394,Indigo
6.00E-292,Indigo
6E-6241,Indigo
6E-7583,Indigo
6.00E-207,Indigo
6E-7305,Indigo
6E-6441,Indigo
6E-535,Indigo
6E-989,Indigo
6.00E-271,Indigo
6E-6154,Indigo
6E-713,Indigo
6.00E-114,Indigo
6E-7946,Indigo
6E-5288,Indigo
6E-5312,Indigo
6E-6172,Indigo
6E-647,Indigo
6E-958,Indigo
6E-379,Indigo
6.00E-282,Indigo
6E-563,Indigo
6E-534,Indigo
6E-6243,Indigo
6E-5375,Indigo
6E-318,Indigo
6E-757,Indigo
6E-6785,Indigo
6E-6893,Indigo
6E-634,Indigo
6E-7175,Indigo
6E-6513,Indigo
6E-716,Indigo
6E-6289,Indigo
6.00E-268,Indigo
6E-512,Indigo
6E-6344,Indigo
6.00E-264,Indigo
6.00E-259,Indigo
6.00E-245,Indigo
6E-6014,Indigo
6E-6256,Indigo
6.00E-192,Indigo
6E-6558,Indigo
6E-725,Indigo
6E-371,Indigo
6E-321,Indigo
6E-7623,Indigo
6E-345,Indigo
6.00E-139,Indigo
6E-566,Indigo
6E-961,Indigo
6E-804,Indigo
6E-2038,Indigo
6E-6228,Indigo
6E-365,Indigo
6E-2002,Indigo
6E-6567,Indigo
6E-2752,Indigo
6E-613,Indigo
6E-2598,Indigo
6.00E-189,Indigo
6E-605,Indigo
6E-6815,Indigo
6E-847,Indigo
6E-2007,Indigo
6E-6381,Indigo
6E-6149,Indigo
6E-6239,Indigo
6E-5306,Indigo
6E-6215,Indigo
6.00E-193,Indigo
6E-562,Indigo
6E-489,Indigo
6E-5214,Indigo
6E-5367,Indigo
6E-515,Indigo
6.00E-188,Indigo
6E-561,Indigo
6E-495,Indigo
6E-606,Indigo
6E-834,Indigo
6E-401,Indigo
6E-447,Indigo
6E-7005,Indigo
6E-539,Indigo
6E-848,Indigo
6.00E-253,Indigo
6E-6005,Indigo
6E-588,Indigo
6E-6213,Indigo
6E-5229,Indigo
6E-6169,Indigo
6E-6016,Indigo
6E-6192,Indigo
6E-6897,Indigo
6E-6925,Indigo
6E-6797,Indigo
6.00E-288,Indigo
6E-891,Indigo
6E-6374,Indigo
6.00E-195,Indigo
6E-5325,Indigo
6E-6234,Indigo
6E-7446,Indigo
6E-6288,Indigo
6E-6002,Indigo
6.00E-237,Indigo
6E-7001,Indigo
6E-7183,Indigo
6E-7044,Indigo
6.00E-156,Indigo
6E-7351,Indigo
6E-5394,Indigo
6E-526,Indigo
6E-923,Indigo
6E-796,Indigo
6E-782,Indigo
6E-479,Indigo
6E-7084,Indigo
6E-581,Indigo
6E-881,Indigo
6E-927,Indigo
6E-557,Indigo
6E-917,Indigo
6E-7167,Indigo
6E-7477,Indigo
6E-7149,Indigo
6.00E-238,Indigo
6E-6011,Indigo
6E-6113,Indigo
6E-6518,Indigo
6.00E-183,Indigo
6E-6326,Indigo
6E-597,Indigo
6E-6309,Indigo
6E-522,Indigo
6E-576,Indigo
6.00E-244,Indigo
6E-6835,Indigo
6E-502,Indigo
6E-6112,Indigo
6E-6375,Indigo
6E-6235,Indigo
6.00E-158,Indigo
6E-6506,Indigo
6E-935,Indigo
6E-6202,Indigo
6E-6271,Indigo
6.00E-246,Indigo
6E-6042,Indigo
6E-2032,Indigo
6E-7114,Indigo
6E-6244,Indigo
6E-7274,Indigo
6E-7568,Indigo
6E-2451,Indigo
6E-6736,Indigo
6E-7074,Indigo
6E-2527,Indigo
6E-6126,Indigo
6E-6935,Indigo
6E-803,Indigo
6E-2046,Indigo
6E-6794,Indigo
6E-6182,Indigo
6E-6208,Indigo
6E-2444,Indigo
6E-6425,Indigo
6E-983,Indigo
6E-481,Indigo
6E-996,Indigo
6E-863,Indigo
6E-6539,Indigo
6E-6728,Indigo
6.00E-133,Indigo
6E-383,Indigo
6E-823,Indigo
6E-6422,Indigo
6E-794,Indigo
6E-699,Indigo
6E-6418,Indigo
6E-6391,Indigo
6E-326,Indigo
6E-6115,Indigo
6E-7247,Indigo
6E-7158,Indigo
6E-758,Indigo
6E-992,Indigo
6E-6687,Indigo
6E-6805,Indigo
6.00E-117,Indigo
6E-6556,Indigo
6E-966,Indigo
6.00E-261,Indigo
6E-921,Indigo
6E-6493,Indigo
6E-7073,Indigo
6E-348,Indigo
SG-8169,SpiceJet
SG-8709,SpiceJet
SG-2976,SpiceJet
SG-8701,SpiceJet
SG-8241,SpiceJet
SG-2905,SpiceJet
SG-2954,SpiceJet
SG-191,SpiceJet
SG-143,SpiceJet
SG-480,SpiceJet
SG-8938,SpiceJet
SG-8411,SpiceJet
SG-8496,SpiceJet
SG-8721,SpiceJet
SG-8722,SpiceJet
SG-8869,SpiceJet
SG-8185,SpiceJet
SG-8133,SpiceJet
SG-8946,SpiceJet
SG-8103,SpiceJet
SG-8373,SpiceJet
SG-8165,SpiceJet
SG-8941,SpiceJet
SG-903,SpiceJet
SG-187,SpiceJet
SG-8263,SpiceJet
SG-8253,SpiceJet
SG-8207,SpiceJet
SG-8211,SpiceJet
SG-207,SpiceJet
SG-193,SpiceJet
SG-8717,SpiceJet
SG-8158,SpiceJet
SG-8702,SpiceJet
SG-8152,SpiceJet
SG-2872,SpiceJet
SG-276,SpiceJet
SG-349,SpiceJet
SG-455,SpiceJet
SG-475,SpiceJet
SG-488,SpiceJet
SG-241,SpiceJet
SG-467,SpiceJet
SG-163,SpiceJet
SG-251,SpiceJet
SG-611,SpiceJet
SG-220,SpiceJet
SG-253,SpiceJet
SG-535,SpiceJet
SG-136,SpiceJet
SG-2909,SpiceJet
SG-768,SpiceJet
SG-531,SpiceJet
SG-8134,SpiceJet
SG-9442,SpiceJet
SG-517,SpiceJet
SG-4003,SpiceJet
SG-1006,SpiceJet
SG-8166,SpiceJet
SG-2947,SpiceJet
SG-494,SpiceJet
SG-8130,SpiceJet
SG-8264,SpiceJet
SG-893,SpiceJet
SG-497,SpiceJet
SG-242,SpiceJet
SG-489,SpiceJet
SG-383,SpiceJet
SG-516,SpiceJet
SG-274,SpiceJet
SG-874,SpiceJet
SG-612,SpiceJet
SG-8208,SpiceJet
SG-443,SpiceJet
SG-329,SpiceJet
SG-445,SpiceJet
SG-678,SpiceJet
SG-8108,SpiceJet
SG-9543,SpiceJet
SG-209,SpiceJet
SG-384,SpiceJet
SG-2975,SpiceJet
SG-2971,SpiceJet
SG-194,SpiceJet
SG-8718,SpiceJet
SG-9124,SpiceJet
SG-1077,SpiceJet
SG-1084,SpiceJet
SG-977,SpiceJet
SG-3762,SpiceJet
SG-869,SpiceJet
SG-491,SpiceJet
S5-112,StarAir
S5-151,StarAir
S5-131,StarAir
S5-152,StarAir
UK-985,Vistara
UK-627,Vistara
UK-811,Vistara
UK-635,Vistara
UK-807,Vistara
UK-809,Vistara
UK-981,Vistara
UK-977,Vistara
UK-957,Vistara
UK-855,Vistara
UK-933,Vistara
UK-941,Vistara
UK-833,Vistara
UK-817,Vistara
UK-829,Vistara
UK-943,Vistara
UK-993,Vistara
UK-955,Vistara
UK-945,Vistara
UK-963,Vistara
UK-673,Vistara
UK-879,Vistara
UK-781,Vistara
UK-859,Vistara
UK-813,Vistara
UK-927,Vistara
UK-929,Vistara
UK-839,Vistara
UK-747,Vistara
UK-819,Vistara
UK-951,Vistara
UK-835,Vistara
UK-899,Vistara
UK-959,Vistara
UK-969,Vistara
UK-737,Vistara
UK-871,Vistara
UK-979,Vistara
UK-637,Vistara
UK-706,Vistara
UK-837,Vistara
UK-787,Vistara
UK-785,Vistara
UK-995,Vistara
UK-705,Vistara
UK-847,Vistara
UK-815,Vistara
UK-801,Vistara
UK-975,Vistara
UK-707,Vistara
UK-727,Vistara
UK-891,Vistara
UK-971,Vistara
UK-721,Vistara
UK-973,Vistara
UK-741,Vistara
UK-991,Vistara
UK-997,Vistara
UK-935,Vistara
UK-986,Vistara
UK-950,Vistara
UK-928,Vistara
UK-952,Vistara
UK-507,Vistara
UK-863,Vistara
UK-853,Vistara
UK-988,Vistara
UK-960,Vistara
UK-944,Vistara
UK-827,Vistara
UK-954,Vistara
UK-902,Vistara
UK-613,Vistara
UK-621,Vistara
UK-852,Vistara
UK-821,Vistara
UK-823,Vistara
UK-910,Vistara
UK-996,Vistara
UK-949,Vistara
UK-653,Vistara
UK-545,Vistara
UK-543,Vistara
UK-625,Vistara
UK-825,Vistara
UK-940,Vistara
UK-994,Vistara
UK-939,Vistara
UK-521,Vistara
UK-887,Vistara
UK-930,Vistara
UK-775,Vistara
UK-919,Vistara
UK-773,Vistara
UK-841,Vistara
UK-771,Vistara
UK-843,Vistara
UK-849,Vistara
UK-845,Vistara
UK-873,Vistara
UK-869,Vistara
UK-875,Vistara
UK-651,Vistara
UK-851,Vistara
UK-865,Vistara
UK-970,Vistara
UK-877,Vistara
UK-857,Vistara
UK-861,Vistara
UK-820,Vistara
UK-802,Vistara
UK-818,Vistara
UK-814,Vistara
UK-816,Vistara
UK-553,Vistara
UK-808,Vistara
UK-850,Vistara
UK-864,Vistara
UK-854,Vistara
UK-866,Vistara
UK-812,Vistara
UK-893,Vistara
UK-897,Vistara
UK-846,Vistara
UK-810,Vistara
UK-551,Vistara
UK-508,Vistara
UK-755,Vistara
UK-858,Vistara
UK-881,Vistara
UK-657,Vistara
UK-890,Vistara
UK-870,Vistara
UK-880,Vistara
UK-830,Vistara
UK-860,Vistara
UK-894,Vistara
UK-888,Vistara
UK-876,Vistara
UK-878,Vistara
UK-874,Vistara
UK-872,Vistara
UK-898,Vistara
UK-708,Vistara
UK-738,Vistara
UK-720,Vistara
UK-778,Vistara
UK-776,Vistara
UK-772,Vistara
UK-774,Vistara
UK-838,Vistara
UK-826,Vistara
UK-834,Vistara
UK-832,Vistara
UK-836,Vistara
UK-828,Vistara
UK-824,Vistara
UK-822,Vistara
UK-918,Vistara
UK-926,Vistara
UK-956,Vistara
UK-946,Vistara
UK-936,Vistara
UK-976,Vistara
UK-966,Vistara
